date_hour,lat,long,signal,network,operator,status,description,net,speed,satellites,precission,provider,activity,downloadSpeed,uploadSpeed,postal_code,town_name,position_geom,SHAPE
2017-12-10 13:03:12,41.29152,2.07456,10,simyo 3g,simyo,0,STATE_IN_SERVICE,,0.2,10.0,15.0,gps,STILL,0.0,0.0,81691.0,el Prat de Llobregat,POINT(2.07456 41.29152),"{'spatialReference': {'wkid': 4326}, 'x': 2.07456, 'y': 41.29152}"
2017-12-10 00:35:22,41.49925,2.34666,17,orange,Orange,0,STATE_IN_SERVICE,,0.6,5.0,7.0,gps,STILL,0.0,0.0,82303.0,Premià de Dalt,POINT(2.34666 41.49925),"{'spatialReference': {'wkid': 4326}, 'x': 2.34666, 'y': 41.49925}"
2017-12-10 12:14:37,41.61012,2.08711,3,movistar,Movistar,0,STATE_IN_SERVICE,2G,0.0,3.0,48.0,gps,STILL,0.0,0.0,80517.0,Castellar del Vallès,POINT(2.08711 41.61012),"{'spatialReference': {'wkid': 4326}, 'x': 2.08711, 'y': 41.61012}"
2017-12-10 12:15:11,41.61065,2.08791,3,movistar,Movistar,0,STATE_IN_SERVICE,2G,9.3,2.0,128.0,gps,STILL,0.0,0.0,80517.0,Castellar del Vallès,POINT(2.08791 41.61065),"{'spatialReference': {'wkid': 4326}, 'x': 2.08791, 'y': 41.61065}"
2017-12-10 09:47:15,42.12258,2.34321,7,orange,Orange SP,0,STATE_IN_SERVICE,2G,0.5,1.0,25.0,gps,STILL,0.0,0.0,172121.0,Vidrà,POINT(2.34321 42.12258),"{'spatialReference': {'wkid': 4326}, 'x': 2.34321, 'y': 42.12258}"
2017-12-10 12:18:22,41.38603,2.13954,5,vodafone,vodafone ES,0,STATE_IN_SERVICE,2G,0.4,3.0,18.0,gps,STILL,0.0,0.0,80193.0,Barcelona,POINT(2.13954 41.38603),"{'spatialReference': {'wkid': 4326}, 'x': 2.13954, 'y': 41.38603}"
2017-12-10 11:53:44,41.38576,2.13986,31,vodafone,vodafone ES,0,STATE_IN_SERVICE,2G,0.3,3.0,25.0,gps,STILL,0.0,0.0,80193.0,Barcelona,POINT(2.13986 41.38576),"{'spatialReference': {'wkid': 4326}, 'x': 2.13986, 'y': 41.38576}"
2017-12-10 13:26:46,41.69102,2.37171,7,movistar,Movistar,2,STATE_EMERGENCY_ONLY,2G,17.8,4.0,22.0,gps,STILL,0.0,0.0,82346.0,Sant Pere de Vilamajor,POINT(2.37171 41.69102),"{'spatialReference': {'wkid': 4326}, 'x': 2.37171, 'y': 41.69102}"
2017-12-10 20:40:40,42.12298,2.34282,7,orange,Orange SP,2,STATE_EMERGENCY_ONLY,2G,7.6,11.0,25.0,gps,ON_FOOT,0.0,0.0,172121.0,Vidrà,POINT(2.34282 42.12298),"{'spatialReference': {'wkid': 4326}, 'x': 2.34282, 'y': 42.12298}"
2017-12-10 09:02:50,41.55862,2.09647,14,movistar,Movistar,2,STATE_EMERGENCY_ONLY,2G,0.3,1.0,24.0,gps,UNKNOWN,0.0,0.0,81878.0,Sabadell,POINT(2.09647 41.55862),"{'spatialReference': {'wkid': 4326}, 'x': 2.09647, 'y': 41.55862}"
2017-12-10 11:37:49,42.23871,1.24803,5,movistar,Movistar,2,STATE_EMERGENCY_ONLY,2G,1.8,10.0,16.0,gps,UNKNOWN,0.0,0.0,250616.0,Cabó,POINT(1.24803 42.23871),"{'spatialReference': {'wkid': 4326}, 'x': 1.24803, 'y': 42.23871}"
2017-12-10 17:25:10,41.02428,0.90939,16,movistar,Movistar,2,STATE_EMERGENCY_ONLY,2G,4.9,4.0,64.0,gps,UNKNOWN,0.0,0.0,431628.0,Vandellòs i l'Hospitalet de l'Infant,POINT(0.90939 41.02428),"{'spatialReference': {'wkid': 4326}, 'x': 0.90939, 'y': 41.02428}"
2017-12-10 10:34:09,41.27599,1.55962,8,jazztel,JAZZTEL,2,STATE_EMERGENCY_ONLY,2G,112.7,8.0,8.0,gps,IN_VEHICLE,0.0,0.0,430206.0,Banyeres del Penedès,POINT(1.55962 41.27599),"{'spatialReference': {'wkid': 4326}, 'x': 1.55962, 'y': 41.27599}"
2017-12-10 10:41:43,41.18163,1.46125,9,jazztel,JAZZTEL,2,STATE_EMERGENCY_ONLY,2G,107.4,8.0,7.0,gps,IN_VEHICLE,0.0,0.0,431310.0,Roda de Barà,POINT(1.46125 41.18163),"{'spatialReference': {'wkid': 4326}, 'x': 1.46125, 'y': 41.18163}"
2017-12-10 10:42:43,41.18214,1.43861,9,jazztel,JAZZTEL,2,STATE_EMERGENCY_ONLY,2G,114.0,7.0,6.0,gps,IN_VEHICLE,0.0,0.0,431310.0,Roda de Barà,POINT(1.43861 41.18214),"{'spatialReference': {'wkid': 4326}, 'x': 1.43861, 'y': 41.18214}"
2017-12-10 21:44:25,41.63431,2.33593,5,movistar,Movistar,2,STATE_EMERGENCY_ONLY,2G,61.6,10.0,3.0,gps,IN_VEHICLE,0.0,0.0,81810.0,la Roca del Vallès,POINT(2.33593 41.63431),"{'spatialReference': {'wkid': 4326}, 'x': 2.33593, 'y': 41.63431}"
2017-12-10 18:48:10,41.91385,2.30708,5,movistar,Movistar,2,STATE_EMERGENCY_ONLY,2G,108.6,8.0,6.0,gps,IN_VEHICLE,0.0,0.0,82205.0,Sant Julià de Vilatorta,POINT(2.30708 41.91385),"{'spatialReference': {'wkid': 4326}, 'x': 2.30708, 'y': 41.91385}"
2017-12-10 10:51:01,42.07046,2.34804,4,movistar,Movistar,2,STATE_EMERGENCY_ONLY,2G,69.2,13.0,6.0,gps,IN_VEHICLE,0.0,0.0,82331.0,Sant Pere de Torelló,POINT(2.34804 42.07046),"{'spatialReference': {'wkid': 4326}, 'x': 2.34804, 'y': 42.07046}"
2017-12-10 12:14:38,41.67649,2.38167,13,movistar,Movistar,2,STATE_EMERGENCY_ONLY,2G,15.2,2.0,10.0,gps,IN_VEHICLE,0.0,0.0,82346.0,Sant Pere de Vilamajor,POINT(2.38167 41.67649),"{'spatialReference': {'wkid': 4326}, 'x': 2.38167, 'y': 41.67649}"
2017-12-10 22:44:37,42.19888,2.27475,2,movistar,Movistar,2,STATE_EMERGENCY_ONLY,2G,40.3,6.0,42.0,gps,IN_VEHICLE,0.0,0.0,171707.0,Vallfogona de Ripollès,POINT(2.27475 42.19888),"{'spatialReference': {'wkid': 4326}, 'x': 2.27475, 'y': 42.19888}"
2017-12-10 10:47:35,42.12095,2.34653,4,orange,Orange SP,2,STATE_EMERGENCY_ONLY,2G,15.1,8.0,13.0,gps,IN_VEHICLE,0.0,0.0,82331.0,Sant Pere de Torelló,POINT(2.34653 42.12095),"{'spatialReference': {'wkid': 4326}, 'x': 2.34653, 'y': 42.12095}"
2017-12-10 09:58:32,41.38633,2.13892,9,vodafone,vodafone ES,2,STATE_EMERGENCY_ONLY,2G,3.1,8.0,30.0,gps,IN_VEHICLE,0.0,0.0,80193.0,Barcelona,POINT(2.13892 41.38633),"{'spatialReference': {'wkid': 4326}, 'x': 2.13892, 'y': 41.38633}"
2017-12-10 22:29:52,41.67895,2.42424,7,yoigo,Yoigo,0,STATE_IN_SERVICE,3G,1.1,2.0,15.0,gps,STILL,0.0,0.0,82346.0,Sant Pere de Vilamajor,POINT(2.42424 41.67895),"{'spatialReference': {'wkid': 4326}, 'x': 2.42424, 'y': 41.67895}"
2017-12-10 21:05:31,41.49886,2.32033,11,orange,Orange,0,STATE_IN_SERVICE,3G,0.0,4.0,8.0,gps,STILL,0.0,0.0,82819.0,Teià,POINT(2.32033 41.49886),"{'spatialReference': {'wkid': 4326}, 'x': 2.32033, 'y': 41.49886}"
2017-12-10 14:59:28,41.29135,2.07445,18,simyo 3g,simyo,2,STATE_EMERGENCY_ONLY,3G,1.1,14.0,7.0,gps,STILL,0.0,0.0,81691.0,el Prat de Llobregat,POINT(2.07445 41.29135),"{'spatialReference': {'wkid': 4326}, 'x': 2.07445, 'y': 41.29135}"
2017-12-10 11:24:43,41.08209,1.0987,14,jazztel,JAZZTEL,2,STATE_EMERGENCY_ONLY,3G,1.3,17.0,3.0,gps,STILL,0.0,0.0,430385.0,Cambrils,POINT(1.0987 41.08209),"{'spatialReference': {'wkid': 4326}, 'x': 1.0987, 'y': 41.08209}"
2017-12-10 03:59:21,41.68155,2.48887,15,movistar,Movistar,2,STATE_EMERGENCY_ONLY,3G,0.2,14.0,10.0,gps,STILL,0.0,0.0,82021.0,Sant Celoni,POINT(2.48887 41.68155),"{'spatialReference': {'wkid': 4326}, 'x': 2.48887, 'y': 41.68155}"
2017-12-10 05:09:48,41.68885,2.37243,22,movistar,Movistar,2,STATE_EMERGENCY_ONLY,3G,0.0,3.0,25.0,gps,STILL,0.0,0.0,82346.0,Sant Pere de Vilamajor,POINT(2.37243 41.68885),"{'spatialReference': {'wkid': 4326}, 'x': 2.37243, 'y': 41.68885}"
2017-12-10 13:27:55,41.69173,2.37135,3,movistar,Movistar,2,STATE_EMERGENCY_ONLY,3G,4.4,4.0,54.0,gps,STILL,0.0,0.0,82346.0,Sant Pere de Vilamajor,POINT(2.37135 41.69173),"{'spatialReference': {'wkid': 4326}, 'x': 2.37135, 'y': 41.69173}"
2017-12-10 21:27:46,41.28782,2.07118,22,simyo 3g,simyo,2,STATE_EMERGENCY_ONLY,3G,5.7,7.0,22.0,gps,ON_FOOT,0.0,0.0,81691.0,el Prat de Llobregat,POINT(2.07118 41.28782),"{'spatialReference': {'wkid': 4326}, 'x': 2.07118, 'y': 41.28782}"
2017-12-10 20:22:38,41.37601,2.07905,23,orange,Orange,2,STATE_EMERGENCY_ONLY,3G,3.2,2.0,3.0,gps,ON_FOOT,0.0,0.0,80771.0,Esplugues de Llobregat,POINT(2.07905 41.37601),"{'spatialReference': {'wkid': 4326}, 'x': 2.07905, 'y': 41.37601}"
2017-12-10 18:54:13,41.37604,2.07848,20,orange,Orange,2,STATE_EMERGENCY_ONLY,3G,3.1,9.0,13.0,gps,ON_FOOT,0.0,0.0,80771.0,Esplugues de Llobregat,POINT(2.07848 41.37604),"{'spatialReference': {'wkid': 4326}, 'x': 2.07848, 'y': 41.37604}"
2017-12-10 15:20:40,41.37048,2.08471,17,orange,Orange,2,STATE_EMERGENCY_ONLY,3G,4.4,4.0,13.0,gps,ON_FOOT,0.0,0.0,80771.0,Esplugues de Llobregat,POINT(2.08471 41.37048),"{'spatialReference': {'wkid': 4326}, 'x': 2.08471, 'y': 41.37048}"
2017-12-10 20:06:31,41.3773,2.08585,26,orange,Orange,2,STATE_EMERGENCY_ONLY,3G,2.2,4.0,5.0,gps,ON_FOOT,0.0,0.0,80771.0,Esplugues de Llobregat,POINT(2.08585 41.3773),"{'spatialReference': {'wkid': 4326}, 'x': 2.08585, 'y': 41.3773}"
2017-12-10 19:46:25,41.38314,2.08155,17,orange,Orange,2,STATE_EMERGENCY_ONLY,3G,3.2,9.0,14.0,gps,ON_FOOT,0.0,0.0,82212.0,Sant Just Desvern,POINT(2.08155 41.38314),"{'spatialReference': {'wkid': 4326}, 'x': 2.08155, 'y': 41.38314}"
2017-12-10 19:48:28,41.3828,2.08274,29,orange,Orange,2,STATE_EMERGENCY_ONLY,3G,3.1,14.0,7.0,gps,ON_FOOT,0.0,0.0,82212.0,Sant Just Desvern,POINT(2.08274 41.3828),"{'spatialReference': {'wkid': 4326}, 'x': 2.08274, 'y': 41.3828}"
2017-12-10 19:40:36,41.38363,2.07759,10,orange,Orange,2,STATE_EMERGENCY_ONLY,3G,3.3,8.0,14.0,gps,ON_FOOT,0.0,0.0,82212.0,Sant Just Desvern,POINT(2.07759 41.38363),"{'spatialReference': {'wkid': 4326}, 'x': 2.07759, 'y': 41.38363}"
2017-12-10 14:03:04,41.11735,1.25557,11,orange,Orange,2,STATE_EMERGENCY_ONLY,3G,0.5,4.0,8.0,gps,ON_FOOT,0.0,0.0,431482.0,Tarragona,POINT(1.25557 41.11735),"{'spatialReference': {'wkid': 4326}, 'x': 1.25557, 'y': 41.11735}"
2017-12-10 16:31:11,41.11811,1.25524,21,orange,Orange,2,STATE_EMERGENCY_ONLY,3G,9.4,5.0,6.0,gps,ON_FOOT,0.0,0.0,431482.0,Tarragona,POINT(1.25524 41.11811),"{'spatialReference': {'wkid': 4326}, 'x': 1.25524, 'y': 41.11811}"
2017-12-10 19:57:52,42.1732,2.47702,13,orange,PARLEM,2,STATE_EMERGENCY_ONLY,3G,4.0,12.0,4.0,gps,ON_FOOT,0.0,0.0,171143.0,Olot,POINT(2.47702 42.1732),"{'spatialReference': {'wkid': 4326}, 'x': 2.47702, 'y': 42.1732}"
2017-12-10 11:28:20,41.08157,1.10068,15,jazztel,JAZZTEL,2,STATE_EMERGENCY_ONLY,3G,2.9,17.0,3.0,gps,ON_FOOT,0.0,0.0,430385.0,Cambrils,POINT(1.10068 41.08157),"{'spatialReference': {'wkid': 4326}, 'x': 1.10068, 'y': 41.08157}"
2017-12-10 11:53:20,41.07471,1.08762,19,jazztel,JAZZTEL,2,STATE_EMERGENCY_ONLY,3G,4.4,14.0,3.0,gps,ON_FOOT,0.0,0.0,430385.0,Cambrils,POINT(1.08762 41.07471),"{'spatialReference': {'wkid': 4326}, 'x': 1.08762, 'y': 41.07471}"
2017-12-10 05:20:40,41.68135,2.48971,13,movistar,Movistar,2,STATE_EMERGENCY_ONLY,3G,0.0,8.0,8.0,gps,ON_FOOT,0.0,0.0,82021.0,Sant Celoni,POINT(2.48971 41.68135),"{'spatialReference': {'wkid': 4326}, 'x': 2.48971, 'y': 41.68135}"
2017-12-10 03:09:25,41.68159,2.48898,20,movistar,Movistar,2,STATE_EMERGENCY_ONLY,3G,0.1,7.0,16.0,gps,ON_FOOT,0.0,0.0,82021.0,Sant Celoni,POINT(2.48898 41.68159),"{'spatialReference': {'wkid': 4326}, 'x': 2.48898, 'y': 41.68159}"
2017-12-10 13:33:22,41.69001,2.37238,8,movistar,Movistar,2,STATE_EMERGENCY_ONLY,3G,3.1,6.0,28.0,gps,ON_FOOT,0.0,0.0,82346.0,Sant Pere de Vilamajor,POINT(2.37238 41.69001),"{'spatialReference': {'wkid': 4326}, 'x': 2.37238, 'y': 41.69001}"
2017-12-10 12:35:10,41.57197,1.13514,4,movistar,Movistar,2,STATE_EMERGENCY_ONLY,3G,19.2,16.0,15.0,gps,ON_FOOT,0.0,0.0,250740.0,Ciutadilla,POINT(1.13514 41.57197),"{'spatialReference': {'wkid': 4326}, 'x': 1.13514, 'y': 41.57197}"
2017-12-10 12:34:53,41.57276,1.13523,7,movistar,Movistar,2,STATE_EMERGENCY_ONLY,3G,0.4,14.0,16.0,gps,ON_FOOT,0.0,0.0,250740.0,Ciutadilla,POINT(1.13523 41.57276),"{'spatialReference': {'wkid': 4326}, 'x': 1.13523, 'y': 41.57276}"
2017-12-10 16:38:24,41.64511,1.14088,19,movistar,movistar,2,STATE_EMERGENCY_ONLY,3G,4.7,5.0,8.0,gps,ON_FOOT,0.0,0.0,252173.0,Tàrrega,POINT(1.14088 41.64511),"{'spatialReference': {'wkid': 4326}, 'x': 1.14088, 'y': 41.64511}"
2017-12-10 16:09:45,41.11806,1.25677,15,orange,Orange,2,STATE_EMERGENCY_ONLY,3G,16.4,5.0,9.0,gps,UNKNOWN,0.0,0.0,431482.0,Tarragona,POINT(1.25677 41.11806),"{'spatialReference': {'wkid': 4326}, 'x': 1.25677, 'y': 41.11806}"
2017-12-10 16:24:21,41.11822,1.25764,21,orange,Orange,2,STATE_EMERGENCY_ONLY,3G,2.3,5.0,8.0,gps,UNKNOWN,0.0,0.0,431482.0,Tarragona,POINT(1.25764 41.11822),"{'spatialReference': {'wkid': 4326}, 'x': 1.25764, 'y': 41.11822}"
2017-12-10 12:57:54,41.12194,1.24674,18,orange,Orange,2,STATE_EMERGENCY_ONLY,3G,1.2,6.0,12.0,gps,UNKNOWN,0.0,0.0,431482.0,Tarragona,POINT(1.24674 41.12194),"{'spatialReference': {'wkid': 4326}, 'x': 1.24674, 'y': 41.12194}"
2017-12-10 17:15:32,41.01582,0.90746,5,movistar,Movistar,2,STATE_EMERGENCY_ONLY,3G,5.0,7.0,8.0,gps,UNKNOWN,0.0,0.0,431628.0,Vandellòs i l'Hospitalet de l'Infant,POINT(0.90746 41.01582),"{'spatialReference': {'wkid': 4326}, 'x': 0.90746, 'y': 41.01582}"
2017-12-10 20:01:49,41.46521,1.91096,10,yoigo,Yoigo,2,STATE_EMERGENCY_ONLY,3G,5.6,2.0,16.0,gps,IN_VEHICLE,0.0,0.0,81141.0,Martorell,POINT(1.91096 41.46521),"{'spatialReference': {'wkid': 4326}, 'x': 1.91096, 'y': 41.46521}"
2017-12-10 19:13:39,41.13735,1.10035,14,yoigo,Yoigo,2,STATE_EMERGENCY_ONLY,3G,65.6,2.0,8.0,gps,IN_VEHICLE,0.0,0.0,431233.0,Reus,POINT(1.10035 41.13735),"{'spatialReference': {'wkid': 4326}, 'x': 1.10035, 'y': 41.13735}"
2017-12-10 21:54:16,41.39767,1.97119,15,simyo 3g,simyo,2,STATE_EMERGENCY_ONLY,3G,87.6,4.0,15.0,gps,IN_VEHICLE,0.0,0.0,80689.0,Cervelló,POINT(1.97119 41.39767),"{'spatialReference': {'wkid': 4326}, 'x': 1.97119, 'y': 41.39767}"
2017-12-10 21:51:44,41.41623,2.00266,16,simyo 3g,simyo,2,STATE_EMERGENCY_ONLY,3G,68.8,11.0,18.0,gps,IN_VEHICLE,0.0,0.0,81574.0,Pallejà,POINT(2.00266 41.41623),"{'spatialReference': {'wkid': 4326}, 'x': 2.00266, 'y': 41.41623}"
2017-12-10 12:51:36,41.29171,2.07446,16,simyo 3g,simyo,2,STATE_EMERGENCY_ONLY,3G,23.9,6.0,19.0,gps,IN_VEHICLE,0.0,0.0,81691.0,el Prat de Llobregat,POINT(2.07446 41.29171),"{'spatialReference': {'wkid': 4326}, 'x': 2.07446, 'y': 41.29171}"
2017-12-10 20:49:12,41.28915,2.07634,16,simyo 3g,simyo,2,STATE_EMERGENCY_ONLY,3G,0.5,5.0,34.0,gps,IN_VEHICLE,0.0,0.0,81691.0,el Prat de Llobregat,POINT(2.07634 41.28915),"{'spatialReference': {'wkid': 4326}, 'x': 2.07634, 'y': 41.28915}"
2017-12-10 20:49:37,41.28981,2.07741,17,simyo 3g,simyo,2,STATE_EMERGENCY_ONLY,3G,16.6,7.0,18.0,gps,IN_VEHICLE,0.0,0.0,81691.0,el Prat de Llobregat,POINT(2.07741 41.28981),"{'spatialReference': {'wkid': 4326}, 'x': 2.07741, 'y': 41.28981}"
2017-12-10 12:00:50,41.38693,2.02739,11,simyo 3g,simyo,2,STATE_EMERGENCY_ONLY,3G,98.8,12.0,10.0,gps,IN_VEHICLE,0.0,0.0,82114.0,Sant Feliu de Llobregat,POINT(2.02739 41.38693),"{'spatialReference': {'wkid': 4326}, 'x': 2.02739, 'y': 41.38693}"
2017-12-10 11:51:51,41.38181,1.94114,17,simyo 3g,simyo,2,STATE_EMERGENCY_ONLY,3G,34.6,9.0,13.0,gps,IN_VEHICLE,0.0,0.0,82956.0,Vallirana,POINT(1.94114 41.38181),"{'spatialReference': {'wkid': 4326}, 'x': 1.94114, 'y': 41.38181}"
2017-12-10 12:10:52,41.29346,2.05489,13,simyo 3g,simyo,2,STATE_EMERGENCY_ONLY,3G,64.2,8.0,10.0,gps,IN_VEHICLE,0.0,0.0,83015.0,Viladecans,POINT(2.05489 41.29346),"{'spatialReference': {'wkid': 4326}, 'x': 2.05489, 'y': 41.29346}"
2017-12-10 12:11:37,41.28763,2.06689,11,simyo 3g,simyo,2,STATE_EMERGENCY_ONLY,3G,94.0,8.0,6.0,gps,IN_VEHICLE,0.0,0.0,83015.0,Viladecans,POINT(2.06689 41.28763),"{'spatialReference': {'wkid': 4326}, 'x': 2.06689, 'y': 41.28763}"
2017-12-10 17:54:26,41.45532,2.19163,23,orange,Orange,2,STATE_EMERGENCY_ONLY,3G,71.9,4.0,10.0,gps,IN_VEHICLE,0.0,0.0,80193.0,Barcelona,POINT(2.19163 41.45532),"{'spatialReference': {'wkid': 4326}, 'x': 2.19163, 'y': 41.45532}"
2017-12-10 17:53:18,41.46323,2.17922,11,orange,Orange,2,STATE_EMERGENCY_ONLY,3G,108.1,4.0,6.0,gps,IN_VEHICLE,0.0,0.0,80193.0,Barcelona,POINT(2.17922 41.46323),"{'spatialReference': {'wkid': 4326}, 'x': 2.17922, 'y': 41.46323}"
2017-12-10 12:29:53,41.12418,1.16499,15,orange,Orange,2,STATE_EMERGENCY_ONLY,3G,41.4,9.0,6.0,gps,IN_VEHICLE,0.0,0.0,431233.0,Reus,POINT(1.16499 41.12418),"{'spatialReference': {'wkid': 4326}, 'x': 1.16499, 'y': 41.12418}"
2017-12-10 17:06:31,41.18143,1.47096,16,orange,Orange,2,STATE_EMERGENCY_ONLY,3G,105.9,3.0,7.0,gps,IN_VEHICLE,0.0,0.0,431310.0,Roda de Barà,POINT(1.47096 41.18143),"{'spatialReference': {'wkid': 4326}, 'x': 1.47096, 'y': 41.18143}"
2017-12-10 12:47:23,41.11979,1.2498,15,orange,Orange,2,STATE_EMERGENCY_ONLY,3G,10.9,6.0,7.0,gps,IN_VEHICLE,0.0,0.0,431482.0,Tarragona,POINT(1.2498 41.11979),"{'spatialReference': {'wkid': 4326}, 'x': 1.2498, 'y': 41.11979}"
2017-12-10 10:10:22,41.47067,1.96336,8,jazztel,JAZZTEL,2,STATE_EMERGENCY_ONLY,3G,106.2,7.0,9.0,gps,IN_VEHICLE,0.0,0.0,80543.0,Castellbisbal,POINT(1.96336 41.47067),"{'spatialReference': {'wkid': 4326}, 'x': 1.96336, 'y': 41.47067}"
2017-12-10 10:55:37,41.13794,1.18015,5,jazztel,JAZZTEL,2,STATE_EMERGENCY_ONLY,3G,94.9,0.0,18.0,gps,IN_VEHICLE,0.0,0.0,431233.0,Reus,POINT(1.18015 41.13794),"{'spatialReference': {'wkid': 4326}, 'x': 1.18015, 'y': 41.13794}"
2017-12-10 10:57:27,41.1381,1.16699,5,jazztel,JAZZTEL,2,STATE_EMERGENCY_ONLY,3G,52.0,5.0,8.0,gps,IN_VEHICLE,0.0,0.0,439076.0,la Canonja,POINT(1.16699 41.1381),"{'spatialReference': {'wkid': 4326}, 'x': 1.16699, 'y': 41.1381}"
2017-12-10 18:43:48,41.96054,2.25927,8,movistar,Movistar,2,STATE_EMERGENCY_ONLY,3G,88.7,4.0,4.0,gps,IN_VEHICLE,0.0,0.0,81000.0,Gurb,POINT(2.25927 41.96054),"{'spatialReference': {'wkid': 4326}, 'x': 2.25927, 'y': 41.96054}"
2017-12-10 08:29:22,41.65585,2.73414,5,movistar,Movistar,2,STATE_EMERGENCY_ONLY,3G,56.1,7.0,7.0,gps,IN_VEHICLE,0.0,0.0,81108.0,Malgrat de Mar,POINT(2.73414 41.65585),"{'spatialReference': {'wkid': 4326}, 'x': 2.73414, 'y': 41.65585}"
2017-12-10 08:19:26,41.71119,2.68805,13,movistar,Movistar,2,STATE_EMERGENCY_ONLY,3G,52.3,9.0,10.0,gps,IN_VEHICLE,0.0,0.0,82845.0,Tordera,POINT(2.68805 41.71119),"{'spatialReference': {'wkid': 4326}, 'x': 2.68805, 'y': 41.71119}"
2017-12-10 19:23:33,41.96698,2.82297,12,movistar,Movistar,2,STATE_EMERGENCY_ONLY,3G,45.8,10.0,4.0,gps,IN_VEHICLE,0.0,0.0,170792.0,Girona,POINT(2.82297 41.96698),"{'spatialReference': {'wkid': 4326}, 'x': 2.82297, 'y': 41.96698}"
2017-12-10 19:24:23,41.97021,2.82334,15,movistar,Movistar,2,STATE_EMERGENCY_ONLY,3G,25.9,4.0,8.0,gps,IN_VEHICLE,0.0,0.0,170792.0,Girona,POINT(2.82334 41.97021),"{'spatialReference': {'wkid': 4326}, 'x': 2.82334, 'y': 41.97021}"
2017-12-10 19:11:50,41.87418,2.75944,8,movistar,Movistar,2,STATE_EMERGENCY_ONLY,3G,120.6,12.0,4.0,gps,IN_VEHICLE,0.0,0.0,172333.0,Vilobí d'Onyar,POINT(2.75944 41.87418),"{'spatialReference': {'wkid': 4326}, 'x': 2.75944, 'y': 41.87418}"
2017-12-10 11:27:14,42.22715,1.2943,2,movistar,Movistar,2,STATE_EMERGENCY_ONLY,3G,23.0,1.0,25.0,gps,IN_VEHICLE,0.0,0.0,250616.0,Cabó,POINT(1.2943 42.22715),"{'spatialReference': {'wkid': 4326}, 'x': 1.2943, 'y': 42.22715}"
2017-12-10 11:16:27,40.71722,0.80427,6,movistar,Movistar,2,STATE_EMERGENCY_ONLY,3G,22.2,0.0,32.0,gps,IN_VEHICLE,0.0,0.0,439018.0,Deltebre,POINT(0.80427 40.71722),"{'spatialReference': {'wkid': 4326}, 'x': 0.80427, 'y': 40.71722}"
2017-12-10 11:04:14,41.73376,2.69864,3,vodafone,vodafone ES,2,STATE_EMERGENCY_ONLY,3G,73.9,4.0,6.0,gps,IN_VEHICLE,0.0,0.0,80826.0,Fogars de la Selva,POINT(2.69864 41.73376),"{'spatialReference': {'wkid': 4326}, 'x': 2.69864, 'y': 41.73376}"
2017-12-10 05:56:32,41.37259,2.04814,19,vodafone,vodafone ES,2,STATE_EMERGENCY_ONLY,3G,70.6,2.0,13.0,gps,IN_VEHICLE,0.0,0.0,82172.0,Sant Joan Despí,POINT(2.04814 41.37259),"{'spatialReference': {'wkid': 4326}, 'x': 2.04814, 'y': 41.37259}"
2017-12-10 05:55:17,41.37718,2.03164,11,vodafone,vodafone ES,2,STATE_EMERGENCY_ONLY,3G,69.1,2.0,21.0,gps,IN_VEHICLE,0.0,0.0,82444.0,Santa Coloma de Cervelló,POINT(2.03164 41.37718),"{'spatialReference': {'wkid': 4326}, 'x': 2.03164, 'y': 41.37718}"
2017-12-10 12:42:17,42.34705,2.91492,15,F-Bouygues Telecom,F-Bouygues Telecom,2,STATE_EMERGENCY_ONLY,3G,118.3,8.0,10.0,gps,IN_VEHICLE,0.0,0.0,172348.0,Biure,POINT(2.91492 42.34705),"{'spatialReference': {'wkid': 4326}, 'x': 2.91492, 'y': 42.34705}"
2017-12-10 17:03:34,42.06277,2.2187,9,vodafone,vodafone ES,2,STATE_EMERGENCY_ONLY,3G,1.2,1.0,27.0,gps,ON_BICYCLE,0.0,0.0,81509.0,Orís,POINT(2.2187 42.06277),"{'spatialReference': {'wkid': 4326}, 'x': 2.2187, 'y': 42.06277}"
2017-12-10 15:29:21,41.52121,1.89834,19,orange,Orange,0,STATE_IN_SERVICE,4G,0.0,1.0,96.0,gps,STILL,0.0,0.0,80018.0,Abrera,POINT(1.89834 41.52121),"{'spatialReference': {'wkid': 4326}, 'x': 1.89834, 'y': 41.52121}"
2017-12-10 15:46:37,41.5266,2.06674,2,movistar,Movistar,0,STATE_IN_SERVICE,4G,0.6,2.0,59.0,gps,STILL,0.0,0.0,82384.0,Sant Quirze del Vallès,POINT(2.06674 41.5266),"{'spatialReference': {'wkid': 4326}, 'x': 2.06674, 'y': 41.5266}"
2017-12-10 09:09:50,41.35372,1.70534,13,movistar,Movistar,0,STATE_IN_SERVICE,4G,0.0,2.0,32.0,gps,STILL,0.0,0.0,83054.0,Vilafranca del Penedès,POINT(1.70534 41.35372),"{'spatialReference': {'wkid': 4326}, 'x': 1.70534, 'y': 41.35372}"
2017-12-10 15:38:13,42.24863,3.19512,17,movistar,Movistar,0,STATE_IN_SERVICE,4G,0.3,2.0,24.0,gps,STILL,0.0,0.0,171523.0,Roses,POINT(3.19512 42.24863),"{'spatialReference': {'wkid': 4326}, 'x': 3.19512, 'y': 42.24863}"
2017-12-10 09:30:52,42.12251,2.34279,10,orange,Orange SP,0,STATE_IN_SERVICE,4G,1.3,4.0,33.0,gps,STILL,0.0,0.0,172121.0,Vidrà,POINT(2.34279 42.12251),"{'spatialReference': {'wkid': 4326}, 'x': 2.34279, 'y': 42.12251}"
2017-12-10 11:25:16,40.81833,0.50771,17,orange,Orange SP,0,STATE_IN_SERVICE,4G,0.4,3.0,63.0,gps,STILL,0.0,0.0,431331.0,Roquetes,POINT(0.50771 40.81833),"{'spatialReference': {'wkid': 4326}, 'x': 0.50771, 'y': 40.81833}"
2017-12-10 15:45:19,41.33063,2.0995,11,vodafone,vodafone ES,0,STATE_IN_SERVICE,4G,0.4,2.0,19.0,gps,STILL,0.0,0.0,81691.0,el Prat de Llobregat,POINT(2.0995 41.33063),"{'spatialReference': {'wkid': 4326}, 'x': 2.0995, 'y': 41.33063}"
2017-12-10 10:18:45,41.36917,2.05827,4,orange,Orange,0,STATE_IN_SERVICE,4G,0.0,0.0,45.0,gps,ON_FOOT,0.0,0.0,82172.0,Sant Joan Despí,POINT(2.05827 41.36917),"{'spatialReference': {'wkid': 4326}, 'x': 2.05827, 'y': 41.36917}"
2017-12-10 09:28:21,41.65388,1.14029,9,jazztel,JAZZTEL,0,STATE_IN_SERVICE,4G,0.0,4.0,18.0,gps,TILTING,0.0,0.0,252173.0,Tàrrega,POINT(1.14029 41.65388),"{'spatialReference': {'wkid': 4326}, 'x': 1.14029, 'y': 41.65388}"
2017-12-10 19:22:42,41.65377,1.13997,11,jazztel,JAZZTEL,0,STATE_IN_SERVICE,4G,0.0,0.0,19.0,gps,TILTING,0.0,0.0,252173.0,Tàrrega,POINT(1.13997 41.65377),"{'spatialReference': {'wkid': 4326}, 'x': 1.13997, 'y': 41.65377}"
2017-12-10 18:23:27,42.12286,2.3428,8,orange,Orange SP,0,STATE_IN_SERVICE,4G,0.2,4.0,21.0,gps,UNKNOWN,0.0,0.0,172121.0,Vidrà,POINT(2.3428 42.12286),"{'spatialReference': {'wkid': 4326}, 'x': 2.3428, 'y': 42.12286}"
2017-12-10 09:42:06,41.38227,2.18105,10,orange,Orange,2,STATE_EMERGENCY_ONLY,4G,4.5,11.0,26.0,gps,STILL,0.0,0.0,80193.0,Barcelona,POINT(2.18105 41.38227),"{'spatialReference': {'wkid': 4326}, 'x': 2.18105, 'y': 41.38227}"
2017-12-10 17:06:10,41.38269,2.19345,26,orange,Orange,2,STATE_EMERGENCY_ONLY,4G,0.0,0.0,12.0,gps,STILL,0.0,0.0,80193.0,Barcelona,POINT(2.19345 41.38269),"{'spatialReference': {'wkid': 4326}, 'x': 2.19345, 'y': 41.38269}"
2017-12-10 17:20:35,41.39181,2.19794,13,orange,Orange,2,STATE_EMERGENCY_ONLY,4G,10.9,5.0,4.0,gps,STILL,0.0,0.0,80193.0,Barcelona,POINT(2.19794 41.39181),"{'spatialReference': {'wkid': 4326}, 'x': 2.19794, 'y': 41.39181}"
2017-12-10 12:09:41,41.38919,2.17213,5,orange,Orange,2,STATE_EMERGENCY_ONLY,4G,8.6,0.0,12.0,gps,STILL,0.0,0.0,80193.0,Barcelona,POINT(2.17213 41.38919),"{'spatialReference': {'wkid': 4326}, 'x': 2.17213, 'y': 41.38919}"
2017-12-10 14:53:52,41.43051,2.14174,14,movistar,Movistar,2,STATE_EMERGENCY_ONLY,4G,0.3,3.0,47.0,gps,STILL,0.0,0.0,80193.0,Barcelona,POINT(2.14174 41.43051),"{'spatialReference': {'wkid': 4326}, 'x': 2.14174, 'y': 41.43051}"
